,tra_sup_loss_mean,tra_dice_DSC1,tra_dice_DSC2,tra_dice_DSC3,val_loss_mean,val_dice_DSC1,val_dice_DSC2,val_dice_DSC3,val_bdice_DSC1,val_bdice_DSC2,val_bdice_DSC3,reg_weight_mean,lr_mean,unlab_marginal_gap_mean,unlab_fmarginal_gap_mean,unlab_centropy_mean,__unlab_marginal_average_mean,__unlab_fmarginal_average_mean,test_marginal_gap_mean,test_fmarginal_gap_mean,test_centropy_mean,__test_marginal_average_mean,__test_fmarginal_average_mean
0,1.3027519162278618,0.02285177633166313,0.048706330358982086,0.05771438032388687,1.034826736450195,0.011542847380042076,0.020619956776499748,0.02589932642877102,0.013792354613542557,0.021028684452176094,0.026627950370311737,0.0,0.0001,0.9930805370677259,0.009640956370276404,1.3069610174279662,"tensor([0.3022, 0.1908, 0.2630, 0.2440], device='cuda:0')","tensor([0.2738, 0.3767, 0.3495], device='cuda:0')",0.7353361487388611,0.0016412905370816588,1.2143298363685608,"tensor([0.4077, 0.1582, 0.2194, 0.2147], device='cuda:0')","tensor([0.2664, 0.3701, 0.3635], device='cuda:0')"
1,0.3208997993206139,0.19894422590732574,0.035624582320451736,0.047612156718969345,0.13331093430519103,0.18859648704528809,0.030701754614710808,0.048245616257190704,3.834403714680912e-12,2.7610151578233433e-12,3.6181049475891847e-12,0.0,0.00309,0.06717892320739337,0.005553708833758719,0.4185804244480096,"tensor([0.8826, 0.0334, 0.0436, 0.0405], device='cuda:0')","tensor([0.2854, 0.3716, 0.3429], device='cuda:0')",0.0024395029060542577,9.594112634658815e-05,0.21552223086357117,"tensor([0.9477, 0.0150, 0.0197, 0.0176], device='cuda:0')","tensor([0.2861, 0.3771, 0.3367], device='cuda:0')"
2,0.18995762761915094,0.20947265625,0.03759765625,0.05029296875,0.10896468728780746,0.18859648704528809,0.030701754614710808,0.048245616257190704,3.834403714680912e-12,2.7610151578233433e-12,3.6181049475891847e-12,0.0,0.00608,0.0030352793546626336,0.0053207220698823264,0.2159333195886574,"tensor([0.9352, 0.0184, 0.0245, 0.0219], device='cuda:0')","tensor([0.2846, 0.3780, 0.3374], device='cuda:0')",0.0019738016277551645,0.0007903903350234032,0.15870945811271667,"tensor([0.9495, 0.0138, 0.0194, 0.0173], device='cuda:0')","tensor([0.2737, 0.3847, 0.3416], device='cuda:0')"
3,0.15528351911052576,0.21142578125,0.06569433212280273,0.04931841790676117,0.09375805839896201,0.18859648704528809,0.3418225049972534,0.030711578205227852,3.834403714680912e-12,0.3492075502872467,1.0771512279461604e-05,0.0,0.00907,0.003603188147280885,0.010873493454710116,0.1781957467901522,"tensor([0.9327, 0.0175, 0.0261, 0.0237], device='cuda:0')","tensor([0.2601, 0.3884, 0.3515], device='cuda:0')",0.0014911634288728235,0.004228021129965782,0.12334083676338195,"tensor([0.9533, 0.0117, 0.0185, 0.0165], device='cuda:0')","tensor([0.2506, 0.3959, 0.3535], device='cuda:0')"
4,0.13530889175308403,0.2109375,0.40659433603286743,0.07901331782341003,0.08715137898921967,0.18859648704528809,0.1694587916135788,0.46065953373908997,3.834403714680912e-12,0.17160405218601227,0.49769553542137146,0.0,0.01206,0.0031044386792018486,0.018453564633091467,0.15737222747702626,"tensor([0.9297, 0.0171, 0.0278, 0.0255], device='cuda:0')","tensor([0.2435, 0.3949, 0.3616], device='cuda:0')",0.0005114030744880438,0.00568809784948826,0.09733300864696502,"tensor([0.9598, 0.0098, 0.0162, 0.0142], device='cuda:0')","tensor([0.2451, 0.4035, 0.3513], device='cuda:0')"
5,0.12212288111186348,0.2119140625,0.2883176803588867,0.584355354309082,0.0853044044971466,0.18859648704528809,0.2157939076423645,0.5034767985343933,3.834403714680912e-12,0.22031690180301666,0.5438450574874878,0.0,0.015050000000000001,0.0030264567485573956,0.021018958497734278,0.14456133125349888,"tensor([0.9281, 0.0173, 0.0286, 0.0261], device='cuda:0')","tensor([0.2405, 0.3977, 0.3618], device='cuda:0')",0.0003989709797315299,0.005755559504032135,0.0872240610420704,"tensor([0.9603, 0.0097, 0.0161, 0.0139], device='cuda:0')","tensor([0.2458, 0.4073, 0.3469], device='cuda:0')"
6,0.11299281841638735,0.208984375,0.3630829155445099,0.610321044921875,0.08450978279113769,0.18859648704528809,0.24743042886257172,0.49720925092697144,3.834403714680912e-12,0.25879788398742676,0.5393257141113281,0.0,0.01804,0.0027576094707910653,0.021930156413873195,0.13569436721445516,"tensor([0.9272, 0.0174, 0.0292, 0.0262], device='cuda:0')","tensor([0.2401, 0.4016, 0.3583], device='cuda:0')",0.0006415661552455275,0.00591455340385437,0.06881889522075653,"tensor([0.9683, 0.0079, 0.0132, 0.0106], device='cuda:0')","tensor([0.2528, 0.4200, 0.3272], device='cuda:0')"
7,0.10613253682095096,0.20947265625,0.42697811126708984,0.6306126117706299,0.07718637645244596,0.18859648704528809,0.31182509660720825,0.5667469501495361,3.834403714680912e-12,0.3231254518032074,0.6098278760910034,0.0,0.021030000000000004,0.002479581773059181,0.021492058047442704,0.13084910751786102,"tensor([0.9256, 0.0180, 0.0301, 0.0263], device='cuda:0')","tensor([0.2420, 0.4060, 0.3520], device='cuda:0')",0.0009390559629537166,0.007063336372375487,0.062200533896684645,"tensor([0.9692, 0.0077, 0.0129, 0.0102], device='cuda:0')","tensor([0.2549, 0.4260, 0.3191], device='cuda:0')"
8,0.10232184024062006,0.2094743698835373,0.4889269173145294,0.6672208309173584,0.07816531926393509,0.18859648704528809,0.3656224012374878,0.5891087055206299,3.834403714680912e-12,0.3883090615272522,0.6430501937866211,0.0,0.02402,0.002873563728826413,0.020809866648050946,0.1255370800936362,"tensor([0.9275, 0.0180, 0.0302, 0.0243], device='cuda:0')","tensor([0.2488, 0.4178, 0.3334], device='cuda:0')",0.0011728779971599578,0.012982307225465775,0.058229033499956125,"tensor([0.9707, 0.0078, 0.0129, 0.0086], device='cuda:0')","tensor([0.2700, 0.4495, 0.2805], device='cuda:0')"
9,0.09218354280164932,0.19009870290756226,0.5727715492248535,0.7835425138473511,0.0840254993736744,0.17975452542304993,0.4103270173072815,0.645808219909668,0.13375210762023926,0.42549577355384827,0.7238991856575012,0.0,0.027010000000000003,0.0026005319787145683,0.02213627423043361,0.12129844438459257,"tensor([0.9256, 0.0213, 0.0316, 0.0215], device='cuda:0')","tensor([0.2869, 0.4263, 0.2868], device='cuda:0')",0.0021832390781491994,0.017955734282732005,0.04715718924999237,"tensor([0.9736, 0.0084, 0.0110, 0.0071], device='cuda:0')","tensor([0.3236, 0.4226, 0.2538], device='cuda:0')"
10,0.06871668736130224,0.4941119849681854,0.6613329648971558,0.8299963474273682,0.068590444996953,0.4783242642879486,0.48083817958831787,0.6869714856147766,0.6126554608345032,0.5185674428939819,0.7574108839035034,0.0,0.030000000000000002,0.0010023609270319862,0.007594918883114592,0.10097037372906927,"tensor([0.9237, 0.0236, 0.0289, 0.0237], device='cuda:0')","tensor([0.3110, 0.3806, 0.3084], device='cuda:0')",0.0009677957440726459,0.005602390021085739,0.042323907017707815,"tensor([0.9706, 0.0096, 0.0110, 0.0088], device='cuda:0')","tensor([0.3253, 0.3906, 0.2841], device='cuda:0')"
11,0.05247164311731462,0.6818318367004395,0.7572462558746338,0.8433650135993958,0.06415145233273506,0.5051105618476868,0.5064233541488647,0.6880336999893188,0.5799261927604675,0.5720242857933044,0.7678421139717102,0.0,0.030000000000000002,0.0009924362439051038,0.006761417811503635,0.08597870982339377,"tensor([0.9237, 0.0216, 0.0300, 0.0247], device='cuda:0')","tensor([0.2820, 0.3969, 0.3211], device='cuda:0')",0.001172365538950544,0.012938981652259826,0.038502494543790816,"tensor([0.9701, 0.0087, 0.0120, 0.0092], device='cuda:0')","tensor([0.2824, 0.4187, 0.2990], device='cuda:0')"
12,0.03988990890502469,0.7734668254852295,0.8053334951400757,0.8640766739845276,0.056604855582118044,0.5302932262420654,0.5825616717338562,0.7543411254882812,0.6154994964599609,0.6337904334068298,0.8067525029182434,0.0,0.02999086240528644,0.001801871476345696,0.017693948268060908,0.06957710818096528,"tensor([0.9228, 0.0204, 0.0316, 0.0252], device='cuda:0')","tensor([0.2612, 0.4140, 0.3247], device='cuda:0')",0.00047003492247313264,0.010109239071607589,0.03179094299674034,"tensor([0.9669, 0.0094, 0.0132, 0.0105], device='cuda:0')","tensor([0.2702, 0.4176, 0.3122], device='cuda:0')"
13,0.039610868931049446,0.7575742602348328,0.8022788166999817,0.8674066066741943,0.07001431606709957,0.4688192307949066,0.5392829179763794,0.6822711825370789,0.502294659614563,0.6169419884681702,0.7685708403587341,0.0,0.029963460753897365,0.0018542038458235774,0.01888509936543413,0.06458018773992083,"tensor([0.9237, 0.0203, 0.0304, 0.0255], device='cuda:0')","tensor([0.2597, 0.4055, 0.3348], device='cuda:0')",0.00215547560248524,0.047255859374999994,0.03217993095517159,"tensor([0.9702, 0.0068, 0.0138, 0.0092], device='cuda:0')","tensor([0.2127, 0.4809, 0.3064], device='cuda:0')"
14,0.03114214872402954,0.8166890740394592,0.8418821096420288,0.8901907205581665,0.06793983630836009,0.5345228910446167,0.5660094022750854,0.7317118048667908,0.6012676358222961,0.6216851472854614,0.8023505210876465,0.0,0.029917828430524103,0.0019143273534609768,0.02039740802865706,0.055880077212350394,"tensor([0.9236, 0.0194, 0.0306, 0.0264], device='cuda:0')","tensor([0.2472, 0.4075, 0.3453], device='cuda:0')",0.002161714367102831,0.017851372845470902,0.023904275260865686,"tensor([0.9729, 0.0074, 0.0100, 0.0098], device='cuda:0')","tensor([0.2582, 0.3886, 0.3531], device='cuda:0')"
15,0.028206067685459853,0.8447251915931702,0.8537220358848572,0.8954344987869263,0.064008337110281,0.5406920909881592,0.5830673575401306,0.7163735032081604,0.6146163940429688,0.6512511968612671,0.7949960827827454,0.0,0.029854021031123557,0.0017611362663956253,0.01932473887427478,0.051213893570093184,"tensor([0.9238, 0.0194, 0.0304, 0.0264], device='cuda:0')","tensor([0.2474, 0.4059, 0.3467], device='cuda:0')",0.001821195706725121,0.021479531191289425,0.023558127395808696,"tensor([0.9713, 0.0078, 0.0107, 0.0102], device='cuda:0')","tensor([0.2523, 0.3969, 0.3508], device='cuda:0')"
16,0.02732082787588296,0.8516262173652649,0.8576483726501465,0.8986937403678894,0.06495012622326612,0.5547364950180054,0.6018025875091553,0.7393618226051331,0.6093226671218872,0.6635252237319946,0.8019378185272217,0.0,0.029772116295183126,0.0015868515333750115,0.016994362616969738,0.049400395848351784,"tensor([0.9245, 0.0189, 0.0302, 0.0264], device='cuda:0')","tensor([0.2433, 0.4073, 0.3494], device='cuda:0')",0.001729089203290641,0.0235557896643877,0.023955551013350493,"tensor([0.9716, 0.0074, 0.0109, 0.0101], device='cuda:0')","tensor([0.2432, 0.4029, 0.3540], device='cuda:0')"
17,0.03515774412153405,0.794897198677063,0.8202295303344727,0.8792911171913147,0.06987473189830781,0.4662752151489258,0.49997738003730774,0.6629677414894104,0.5635602474212646,0.5566719770431519,0.7355648875236511,0.0,0.029672214011007086,0.0021324181527688775,0.022248947752814288,0.05552104034723017,"tensor([0.9239, 0.0187, 0.0304, 0.0269], device='cuda:0')","tensor([0.2402, 0.4063, 0.3536], device='cuda:0')",0.0014857617579400538,0.0039339539781212815,0.033369138464331614,"tensor([0.9730, 0.0090, 0.0089, 0.0091], device='cuda:0')","tensor([0.3327, 0.3358, 0.3314], device='cuda:0')"
18,0.031522200115432504,0.7989022731781006,0.8374143242835999,0.8894814252853394,0.055611751861870305,0.5737749338150024,0.6208797097206116,0.7190728783607483,0.6879338622093201,0.6803350448608398,0.7881352305412292,0.0,0.029554435894139947,0.0019540885527931087,0.02033706847578286,0.0555788600104279,"tensor([0.9233, 0.0192, 0.0304, 0.0271], device='cuda:0')","tensor([0.2456, 0.4036, 0.3508], device='cuda:0')",0.0007911658613011241,0.014252511113882066,0.02518534116446972,"tensor([0.9693, 0.0090, 0.0126, 0.0091], device='cuda:0')","tensor([0.2859, 0.4239, 0.2902], device='cuda:0')"
19,0.027136688340760856,0.8505090475082397,0.8558441400527954,0.8960989713668823,0.05853913508355619,0.5709753632545471,0.6184737682342529,0.7542974352836609,0.6290323138237,0.6861439347267151,0.821456253528595,0.0,0.029418925439074785,0.001290591339738967,0.0146502121060621,0.04913096883683465,"tensor([0.9236, 0.0195, 0.0303, 0.0266], device='cuda:0')","tensor([0.2481, 0.4044, 0.3474], device='cuda:0')",0.001386117716319859,0.021374236345291137,0.024152599126100543,"tensor([0.9708, 0.0072, 0.0114, 0.0107], device='cuda:0')","tensor([0.2317, 0.4108, 0.3575], device='cuda:0')"
20,0.027063539399023298,0.8443129658699036,0.8564759492874146,0.8982535600662231,0.06296015456318856,0.5087377429008484,0.5181574821472168,0.7433412075042725,0.5625038743019104,0.5794742703437805,0.819513201713562,0.0,0.029265847744427306,0.001994890272953853,0.022166188580740705,0.048162188333662946,"tensor([0.9244, 0.0188, 0.0299, 0.0269], device='cuda:0')","tensor([0.2429, 0.4019, 0.3551], device='cuda:0')",0.0017780448263511064,0.028312903270125395,0.027262666746973988,"tensor([0.9709, 0.0081, 0.0089, 0.0121], device='cuda:0')","tensor([0.2541, 0.3270, 0.4189], device='cuda:0')"
21,0.03489562740651306,0.784996747970581,0.815248966217041,0.8758857846260071,0.06277208551764488,0.583467960357666,0.5967332124710083,0.7168049216270447,0.62801593542099,0.6707847714424133,0.7968088984489441,0.0,0.02909538931178863,0.0019604922558755784,0.01923144741886063,0.05549104905730923,"tensor([0.9251, 0.0188, 0.0294, 0.0267], device='cuda:0')","tensor([0.2448, 0.3999, 0.3552], device='cuda:0')",0.001837700984906405,0.025524212047457695,0.024092057272791862,"tensor([0.9718, 0.0079, 0.0107, 0.0097], device='cuda:0')","tensor([0.2597, 0.3988, 0.3415], device='cuda:0')"
22,0.027267966359431735,0.8380856513977051,0.8571958541870117,0.8946304321289062,0.06180472511798143,0.5865850448608398,0.5967841744422913,0.7023605108261108,0.6292687058448792,0.6664774417877197,0.7853983044624329,0.0,0.028907757818501814,0.002106611115777922,0.021847342577530064,0.048728792578913285,"tensor([0.9257, 0.0187, 0.0292, 0.0263], device='cuda:0')","tensor([0.2430, 0.4031, 0.3539], device='cuda:0')",0.0015569499740377068,0.021859420239925386,0.024240299537777902,"tensor([0.9707, 0.0081, 0.0109, 0.0103], device='cuda:0')","tensor([0.2567, 0.3943, 0.3491], device='cuda:0')"
23,0.024974841857329,0.8608851432800293,0.8709025382995605,0.9043748378753662,0.05824974507093429,0.6082909107208252,0.6293632984161377,0.7199626564979553,0.6614149212837219,0.7038252353668213,0.810076892375946,0.0,0.028703181864639014,0.0017394309393239382,0.017965125342016115,0.046227185848692905,"tensor([0.9257, 0.0189, 0.0293, 0.0261], device='cuda:0')","tensor([0.2460, 0.4030, 0.3509], device='cuda:0')",0.00165409735753201,0.03258831679821014,0.022249438166618344,"tensor([0.9696, 0.0083, 0.0124, 0.0098], device='cuda:0')","tensor([0.2553, 0.4250, 0.3197], device='cuda:0')"
24,0.025363520353494103,0.8616353273391724,0.8654801845550537,0.9021400213241577,0.052475946024060256,0.5804001092910767,0.6608503460884094,0.7625572085380554,0.6572971343994141,0.7219213843345642,0.8359343409538269,0.0,0.02848191069448751,0.001890921634412735,0.02169358129322062,0.04827178113555414,"tensor([0.9230, 0.0189, 0.0303, 0.0278], device='cuda:0')","tensor([0.2379, 0.4013, 0.3608], device='cuda:0')",0.0007889497769065202,0.01179968575015664,0.023194567039608958,"tensor([0.9690, 0.0082, 0.0117, 0.0111], device='cuda:0')","tensor([0.2493, 0.3961, 0.3545], device='cuda:0')"
25,0.023605508249602284,0.8741793036460876,0.8769937753677368,0.9102881550788879,0.06021003808826209,0.6067731380462646,0.6320124268531799,0.7293843626976013,0.6535221934318542,0.7041610479354858,0.8055838346481323,0.0,0.028244213892883906,0.0022827946511370088,0.02257278756587765,0.044625185997574576,"tensor([0.9258, 0.0183, 0.0293, 0.0265], device='cuda:0')","tensor([0.2378, 0.4045, 0.3577], device='cuda:0')",0.0015861930209212006,0.023397957794368266,0.021327051259577276,"tensor([0.9706, 0.0083, 0.0110, 0.0101], device='cuda:0')","tensor([0.2634, 0.3955, 0.3411], device='cuda:0')"
26,0.03822386128558722,0.7518301010131836,0.8054266571998596,0.866877019405365,0.05322573259472848,0.6088786721229553,0.6225826144218445,0.7356361746788025,0.6724316477775574,0.7027027606964111,0.8163335919380188,0.0,0.027990381056766586,0.0017625273494559228,0.017940742211067125,0.05893207610643004,"tensor([0.9239, 0.0192, 0.0297, 0.0272], device='cuda:0')","tensor([0.2465, 0.3960, 0.3576], device='cuda:0')",0.0012504268775228409,0.01571133717894554,0.02293903976678848,"tensor([0.9694, 0.0084, 0.0124, 0.0098], device='cuda:0')","tensor([0.2626, 0.4229, 0.3145], device='cuda:0')"
27,0.02540281024266733,0.8547548651695251,0.8685973882675171,0.8984013795852661,0.05855794489383696,0.5393900871276855,0.6108742952346802,0.7321326732635498,0.5723215937614441,0.6902232766151428,0.8073310852050781,0.0,0.02772072144234639,0.001775211620042682,0.020367670425912345,0.047764800885488505,"tensor([0.9231, 0.0195, 0.0300, 0.0274], device='cuda:0')","tensor([0.2444, 0.3995, 0.3561], device='cuda:0')",0.002463365092407912,0.030035642534494405,0.02381228219717741,"tensor([0.9730, 0.0064, 0.0108, 0.0098], device='cuda:0')","tensor([0.2234, 0.4171, 0.3595], device='cuda:0')"
28,0.025779133315154436,0.8506023287773132,0.8693476319313049,0.9042344093322754,0.055085881501436236,0.5819129347801208,0.5690229535102844,0.7267608642578125,0.6857203245162964,0.6393892168998718,0.8139237761497498,0.0,0.027435563588325627,0.002178800645197046,0.023671729686611794,0.04638837272796081,"tensor([0.9248, 0.0185, 0.0297, 0.0269], device='cuda:0')","tensor([0.2375, 0.4022, 0.3603], device='cuda:0')",0.000550473612966016,0.008419085517525675,0.028109706342220306,"tensor([0.9662, 0.0111, 0.0108, 0.0118], device='cuda:0')","tensor([0.3202, 0.3331, 0.3467], device='cuda:0')"
29,0.02570287767230184,0.8475449085235596,0.8656182885169983,0.8996098637580872,0.049989519417285924,0.612738847732544,0.658913791179657,0.772110104560852,0.6881526708602905,0.7245723605155945,0.8448683619499207,0.0,0.027135254915624213,0.0018576640013634458,0.020238190307281904,0.047147150842647534,"tensor([0.9241, 0.0189, 0.0296, 0.0273], device='cuda:0')","tensor([0.2421, 0.3977, 0.3602], device='cuda:0')",0.0009647486708126963,0.01642225226853043,0.02443527221679688,"tensor([0.9680, 0.0092, 0.0113, 0.0115], device='cuda:0')","tensor([0.2734, 0.3679, 0.3588], device='cuda:0')"
30,0.026130472027944066,0.8517526984214783,0.865447998046875,0.9036458730697632,0.04979130797088147,0.6301915645599365,0.6166825294494629,0.7205697894096375,0.7244961261749268,0.683491051197052,0.7934005856513977,0.0,0.026820161304100833,0.001575264022562807,0.016336784923623778,0.046458211996650706,"tensor([0.9240, 0.0192, 0.0296, 0.0271], device='cuda:0')","tensor([0.2457, 0.3966, 0.3577], device='cuda:0')",0.0003761598700657487,0.0032527895458042623,0.025803517103195187,"tensor([0.9672, 0.0105, 0.0120, 0.0103], device='cuda:0')","tensor([0.3231, 0.3772, 0.2997], device='cuda:0')"
31,0.03064510320109546,0.8093055486679077,0.8428402543067932,0.8882386088371277,0.05115892078727484,0.6088630557060242,0.6486850380897522,0.7598186731338501,0.671073317527771,0.7237938642501831,0.8336732387542725,0.0,0.02649066664678467,0.0019594651324723613,0.02015328850575316,0.05160537882329668,"tensor([0.9245, 0.0187, 0.0295, 0.0273], device='cuda:0')","tensor([0.2406, 0.3976, 0.3618], device='cuda:0')",0.000918199267471209,0.012704228591173887,0.02277229756116867,"tensor([0.9690, 0.0084, 0.0122, 0.0104], device='cuda:0')","tensor([0.2582, 0.4095, 0.3324], device='cuda:0')"
32,0.02369469693076099,0.8679913282394409,0.8790977001190186,0.9077203273773193,0.06174052085727453,0.5636733770370483,0.6543558239936829,0.7551458477973938,0.6033147573471069,0.72674161195755,0.8225381374359131,0.0,0.026147172382160917,0.002235926647472298,0.02258523310592863,0.044507554124720634,"tensor([0.9261, 0.0182, 0.0291, 0.0266], device='cuda:0')","tensor([0.2368, 0.4032, 0.3600], device='cuda:0')",0.0020215371064841747,0.04079681828618051,0.019635871127247805,"tensor([0.9707, 0.0070, 0.0125, 0.0098], device='cuda:0')","tensor([0.2209, 0.4476, 0.3315], device='cuda:0')"
33,0.02546165034436852,0.8520081043243408,0.8705249428749084,0.905418872833252,0.056171305999159815,0.4853229522705078,0.6398794651031494,0.7424196600914001,0.6071940660476685,0.7147606015205383,0.8099600076675415,0.0,0.025790097005079768,0.0025683703984213926,0.02569027207209727,0.04461955269653117,"tensor([0.9259, 0.0185, 0.0290, 0.0266], device='cuda:0')","tensor([0.2403, 0.3999, 0.3597], device='cuda:0')",0.0017954928800463675,0.04020646944642067,0.030812366679310796,"tensor([0.9586, 0.0161, 0.0156, 0.0096], device='cuda:0')","tensor([0.3905, 0.3873, 0.2222], device='cuda:0')"
34,0.02882270581540069,0.8157860040664673,0.8549447655677795,0.896260142326355,0.05232484150677918,0.6287959814071655,0.6327316164970398,0.7484524250030518,0.7142680287361145,0.7042934894561768,0.8165580034255981,0.0,0.02541987555688496,0.0014403542909349192,0.015879823280556597,0.04976394162804356,"tensor([0.9235, 0.0201, 0.0296, 0.0268], device='cuda:0')","tensor([0.2553, 0.3947, 0.3500], device='cuda:0')",0.0008051305811386556,0.008033496104180811,0.0248401865363121,"tensor([0.9699, 0.0085, 0.0115, 0.0100], device='cuda:0')","tensor([0.2736, 0.4000, 0.3264], device='cuda:0')"
35,0.023336990565439922,0.8687161207199097,0.8815509080886841,0.9105397462844849,0.050455241687595846,0.629066526889801,0.6756295561790466,0.7635581493377686,0.7080038189888,0.7453483939170837,0.8331687450408936,0.0,0.025036959095382876,0.0016307297039475088,0.014767785362892048,0.04333508106356019,"tensor([0.9253, 0.0191, 0.0290, 0.0266], device='cuda:0')","tensor([0.2476, 0.3964, 0.3559], device='cuda:0')",0.0007012019283138215,0.01204413190484047,0.020105607621371743,"tensor([0.9687, 0.0085, 0.0127, 0.0100], device='cuda:0')","tensor([0.2607, 0.4215, 0.3178], device='cuda:0')"
36,0.02339275239864945,0.868699312210083,0.8811350464820862,0.9117120504379272,0.1631656607985497,0.43837037682533264,0.42991483211517334,0.4724216163158417,0.44051069021224976,0.45075708627700806,0.45927515625953674,0.0,0.02464181414529809,0.0019301751169678014,0.021765094745205715,0.04194442285370312,"tensor([0.9259, 0.0184, 0.0290, 0.0268], device='cuda:0')","tensor([0.2382, 0.3998, 0.3620], device='cuda:0')",0.028389568030834193,0.20876243352890012,0.11328346133232117,"tensor([0.9216, 0.0059, 0.0377, 0.0347], device='cuda:0')","tensor([0.0780, 0.4845, 0.4376], device='cuda:0')"
37,0.027664586716127797,0.8407477140426636,0.8568796515464783,0.8974919319152832,0.04947278052568436,0.6233260631561279,0.649164080619812,0.7789098024368286,0.692838191986084,0.7200849652290344,0.8425500392913818,0.0,0.024234922129884876,0.001719483813985789,0.017240830642549575,0.04827879778167696,"tensor([0.9247, 0.0190, 0.0293, 0.0270], device='cuda:0')","tensor([0.2440, 0.3967, 0.3593], device='cuda:0')",0.0006741281505674123,0.006281422358006238,0.02190101135522127,"tensor([0.9690, 0.0089, 0.0113, 0.0109], device='cuda:0')","tensor([0.2777, 0.3789, 0.3434], device='cuda:0')"
38,0.023838537201299925,0.8561505675315857,0.876434326171875,0.9100342392921448,0.05277877375483513,0.5898346304893494,0.6617427468299866,0.7823707461357117,0.6100350618362427,0.7303619980812073,0.8479399085044861,0.0,0.023816778784387097,0.0019245745622811226,0.017685769067611552,0.04285184761465642,"tensor([0.9269, 0.0182, 0.0287, 0.0261], device='cuda:0')","tensor([0.2401, 0.4026, 0.3573], device='cuda:0')",0.0008936380990780889,0.017323107477277517,0.020417986363172533,"tensor([0.9687, 0.0075, 0.0121, 0.0118], device='cuda:0')","tensor([0.2225, 0.4058, 0.3717], device='cuda:0')"
39,0.026839687556275735,0.8339458703994751,0.8682607412338257,0.9076573252677917,0.04760872147977352,0.6519284248352051,0.6593804955482483,0.7591232657432556,0.7200661301612854,0.7369187474250793,0.8295125961303711,0.0,0.023387893552061202,0.0027767636361204482,0.025780263495107633,0.045118214398826254,"tensor([0.9255, 0.0183, 0.0291, 0.0271], device='cuda:0')","tensor([0.2379, 0.3996, 0.3625], device='cuda:0')",0.00046682432177476586,0.0032803680119104684,0.021592323817312714,"tensor([0.9685, 0.0089, 0.0118, 0.0107], device='cuda:0')","tensor([0.2763, 0.3895, 0.3342], device='cuda:0')"
40,0.02693718909540621,0.8365851044654846,0.8606187105178833,0.8980674147605896,0.04904133368283511,0.6435653567314148,0.6455961465835571,0.7697545289993286,0.7177693247795105,0.7239900231361389,0.8423396944999695,0.0,0.022948788963498074,0.002314113609600099,0.02180635553668254,0.045322392314119476,"tensor([0.9254, 0.0186, 0.0291, 0.0269], device='cuda:0')","tensor([0.2406, 0.3988, 0.3606], device='cuda:0')",0.0005758130317553878,0.0053571841865777976,0.022493633925914764,"tensor([0.9681, 0.0089, 0.0123, 0.0108], device='cuda:0')","tensor([0.2716, 0.3976, 0.3308], device='cuda:0')"
41,0.022667424876999562,0.8705986142158508,0.8831574320793152,0.9146403670310974,0.05360779482871294,0.6303298473358154,0.6494316458702087,0.7728465795516968,0.6856921911239624,0.727099597454071,0.8417515158653259,0.0,0.022500000000000003,0.002289899678316944,0.023919321640278234,0.04137563455515197,"tensor([0.9265, 0.0182, 0.0289, 0.0265], device='cuda:0')","tensor([0.2360, 0.4022, 0.3618], device='cuda:0')",0.0007495220215059819,0.008123470190912484,0.020526594780385498,"tensor([0.9693, 0.0081, 0.0119, 0.0106], device='cuda:0')","tensor([0.2551, 0.4049, 0.3400], device='cuda:0')"
42,0.02199327896050816,0.8792214393615723,0.8881645202636719,0.9198176860809326,0.0572884013876319,0.6109493374824524,0.6192073822021484,0.7804242372512817,0.666986882686615,0.6885544657707214,0.8487081527709961,0.0,0.02204207344178836,0.0026385793016743264,0.02517212970997207,0.0402096809812065,"tensor([0.9267, 0.0180, 0.0290, 0.0264], device='cuda:0')","tensor([0.2352, 0.4051, 0.3597], device='cuda:0')",0.0010392701230011886,0.007400048384442925,0.020877869129180906,"tensor([0.9708, 0.0083, 0.0101, 0.0109], device='cuda:0')","tensor([0.2697, 0.3612, 0.3692], device='cuda:0')"
43,0.022206559206097164,0.8736339807510376,0.8833156824111938,0.9174624681472778,0.04196673333644867,0.645646870136261,0.6845321655273438,0.8026025891304016,0.7413829565048218,0.7470608353614807,0.8688861727714539,0.0,0.021575567201836163,0.002181531122005252,0.02186652399814193,0.04092043641139755,"tensor([0.9248, 0.0189, 0.0292, 0.0271], device='cuda:0')","tensor([0.2418, 0.3983, 0.3599], device='cuda:0')",0.0003506101563107223,0.004877911619842054,0.02067561384290457,"tensor([0.9666, 0.0092, 0.0128, 0.0114], device='cuda:0')","tensor([0.2711, 0.3958, 0.3331], device='cuda:0')"
44,0.026751162673463107,0.833554744720459,0.8662171363830566,0.9069310426712036,0.0616818545013666,0.48590177297592163,0.49351683259010315,0.6969299912452698,0.6097610592842102,0.5537389516830444,0.7952812314033508,0.0,0.021101049646137005,0.002294448369866587,0.023964508945937282,0.04381563288188777,"tensor([0.9255, 0.0183, 0.0291, 0.0271], device='cuda:0')","tensor([0.2354, 0.4002, 0.3645], device='cuda:0')",0.002121614846400917,0.020833439379930496,0.031156495660543442,"tensor([0.9711, 0.0102, 0.0077, 0.0110], device='cuda:0')","tensor([0.3603, 0.2684, 0.3713], device='cuda:0')"
45,0.024767965278442702,0.8476641178131104,0.8728841543197632,0.9088886976242065,0.04646799318492413,0.6314183473587036,0.6798221468925476,0.8021920919418335,0.6924525499343872,0.7447627186775208,0.8638335466384888,0.0,0.02061909890123868,0.002431012367878791,0.023082546467776403,0.04410844329686369,"tensor([0.9256, 0.0180, 0.0291, 0.0272], device='cuda:0')","tensor([0.2363, 0.4005, 0.3632], device='cuda:0')",0.0005504927039146423,0.007306338148191571,0.020385263822972774,"tensor([0.9684, 0.0083, 0.0124, 0.0109], device='cuda:0')","tensor([0.2540, 0.4075, 0.3386], device='cuda:0')"
46,0.021882243296204248,0.8737820982933044,0.888874888420105,0.918362021446228,0.051566518135368826,0.6345161199569702,0.6582028865814209,0.773277759552002,0.7054272294044495,0.7376934885978699,0.8448092341423035,0.0,0.020130302149885034,0.0025132088667305648,0.02225351751258131,0.03976207196683386,"tensor([0.9271, 0.0180, 0.0287, 0.0262], device='cuda:0')","tensor([0.2385, 0.4029, 0.3586], device='cuda:0')",0.0004879283672198653,0.005602592155337333,0.01858480419963598,"tensor([0.9682, 0.0089, 0.0124, 0.0105], device='cuda:0')","tensor([0.2720, 0.4071, 0.3209], device='cuda:0')"
47,0.02148547504657473,0.8743385076522827,0.8909446001052856,0.9209251403808594,0.05334677375853062,0.6484049558639526,0.5951165556907654,0.7811305522918701,0.7426962852478027,0.6614394187927246,0.8507171273231506,0.0,0.019635254915624213,0.002341951332255121,0.02382453433529006,0.03942464356805433,"tensor([0.9271, 0.0177, 0.0286, 0.0267], device='cuda:0')","tensor([0.2345, 0.4018, 0.3637], device='cuda:0')",0.0013970306841656563,0.02077562227845192,0.01922131087630987,"tensor([0.9701, 0.0094, 0.0086, 0.0118], device='cuda:0')","tensor([0.3135, 0.2963, 0.3901], device='cuda:0')"
48,0.023870394217738053,0.8478791117668152,0.8787322044372559,0.9183710813522339,0.05078373622149229,0.6295164823532104,0.6523252725601196,0.7839353680610657,0.6851562261581421,0.7211874723434448,0.8518568873405457,0.0,0.01913456033725499,0.0020610986815654546,0.01941879710102511,0.0414903948367282,"tensor([0.9259, 0.0184, 0.0290, 0.0267], device='cuda:0')","tensor([0.2410, 0.3991, 0.3599], device='cuda:0')",0.0008026346890255807,0.009226595358923076,0.019536334425210952,"tensor([0.9689, 0.0088, 0.0109, 0.0115], device='cuda:0')","tensor([0.2721, 0.3626, 0.3654], device='cuda:0')"
49,0.021574830256213325,0.8767562508583069,0.8899800777435303,0.9229531288146973,0.054232898578047764,0.6178883910179138,0.6493943333625793,0.791501522064209,0.6647347211837769,0.724299430847168,0.8628600239753723,0.0,0.018628828433995017,0.002384841601269726,0.022604106081416827,0.039007326518913074,"tensor([0.9271, 0.0178, 0.0284, 0.0267], device='cuda:0')","tensor([0.2353, 0.3985, 0.3662], device='cuda:0')",0.0008801385923288762,0.013265553191304206,0.018759040273725984,"tensor([0.9692, 0.0081, 0.0112, 0.0115], device='cuda:0')","tensor([0.2495, 0.3784, 0.3720], device='cuda:0')"
50,0.021058630796687784,0.8888365030288696,0.8925095796585083,0.9239864349365234,0.04662500016391277,0.6431388258934021,0.6592624187469482,0.8053495287895203,0.7299334406852722,0.7250920534133911,0.8685077428817749,0.0,0.01811867536226639,0.00264809336476901,0.022584004429518245,0.03853361379151469,"tensor([0.9274, 0.0176, 0.0286, 0.0265], device='cuda:0')","tensor([0.2334, 0.4030, 0.3637], device='cuda:0')",0.0003983109048567713,0.004564278563484549,0.019100659936666486,"tensor([0.9672, 0.0094, 0.0117, 0.0118], device='cuda:0')","tensor([0.2802, 0.3661, 0.3538], device='cuda:0')"
51,0.02580567952827551,0.8483353853225708,0.8699071407318115,0.9103797674179077,0.06832126803696154,0.5275631546974182,0.5736982822418213,0.7122353315353394,0.542888879776001,0.6440154314041138,0.7854011654853821,0.0,0.017604722665003958,0.0026522504904278326,0.026822598083526862,0.042506455731199835,"tensor([0.9270, 0.0176, 0.0286, 0.0267], device='cuda:0')","tensor([0.2317, 0.4022, 0.3661], device='cuda:0')",0.0030734075140208,0.03758336476981639,0.022300743926316497,"tensor([0.9725, 0.0070, 0.0101, 0.0104], device='cuda:0')","tensor([0.2255, 0.3864, 0.3881], device='cuda:0')"
52,0.02405185250790965,0.8573057055473328,0.8749400973320007,0.9129008054733276,0.05475157722830773,0.6201895475387573,0.650305986404419,0.7801451086997986,0.687562108039856,0.7195748686790466,0.8482972383499146,0.0,0.017087596514400987,0.0019005225422006344,0.01625660593708745,0.04239788349514131,"tensor([0.9263, 0.0186, 0.0285, 0.0267], device='cuda:0')","tensor([0.2416, 0.3967, 0.3617], device='cuda:0')",0.0011650684312917291,0.013941579125821592,0.018073495887219904,"tensor([0.9703, 0.0077, 0.0113, 0.0107], device='cuda:0')","tensor([0.2465, 0.3968, 0.3568], device='cuda:0')"
53,0.021021475464294778,0.8834088444709778,0.8933569192886353,0.9263010025024414,0.054910354390740386,0.6139020323753357,0.6560043692588806,0.7725035548210144,0.6655396819114685,0.7308881282806396,0.8421911597251892,0.0,0.016567926949014804,0.0029113987134223814,0.02674665516678942,0.03845786015881458,"tensor([0.9282, 0.0177, 0.0281, 0.0260], device='cuda:0')","tensor([0.2359, 0.4031, 0.3610], device='cuda:0')",0.0010066744190407918,0.012751237340271471,0.0198964062333107,"tensor([0.9698, 0.0079, 0.0121, 0.0103], device='cuda:0')","tensor([0.2445, 0.4188, 0.3367], device='cuda:0')"
54,0.024601342600362834,0.854139506816864,0.8746251463890076,0.913810133934021,0.053489783219993106,0.627976655960083,0.6471168994903564,0.753953218460083,0.6983744502067566,0.7307009696960449,0.8277227878570557,0.0,0.016046347106161884,0.0032809105123305956,0.027672511059790853,0.042335917074524346,"tensor([0.9266, 0.0180, 0.0287, 0.0266], device='cuda:0')","tensor([0.2371, 0.4026, 0.3603], device='cuda:0')",0.0007989457470830529,0.009636758975684643,0.017891316637396806,"tensor([0.9692, 0.0084, 0.0124, 0.0100], device='cuda:0')","tensor([0.2604, 0.4180, 0.3217], device='cuda:0')"
55,0.020762233021741846,0.8845148086547852,0.8958806991577148,0.9258097410202026,0.05450011052191257,0.6064350008964539,0.6429237723350525,0.7740587592124939,0.6726409196853638,0.7141147255897522,0.8457571268081665,0.0,0.015523492450537519,0.002608939567608103,0.024982577837363386,0.03902659008599583,"tensor([0.9275, 0.0177, 0.0285, 0.0263], device='cuda:0')","tensor([0.2337, 0.4029, 0.3633], device='cuda:0')",0.001441006571985781,0.01839872971177101,0.02003372430801392,"tensor([0.9705, 0.0079, 0.0105, 0.0111], device='cuda:0')","tensor([0.2549, 0.3697, 0.3754], device='cuda:0')"
56,0.02046993450676382,0.8881277441978455,0.8975833654403687,0.9276941418647766,0.04887721277773381,0.633820652961731,0.6635509133338928,0.7905201315879822,0.7075315713882446,0.7342835068702698,0.8607405424118042,0.0,0.015000000000000001,0.0025595251904633196,0.024112659128149957,0.03859220095546335,"tensor([0.9271, 0.0179, 0.0286, 0.0264], device='cuda:0')","tensor([0.2351, 0.4038, 0.3611], device='cuda:0')",0.0005001084430841728,0.005128080919384956,0.018964713178575038,"tensor([0.9677, 0.0092, 0.0119, 0.0112], device='cuda:0')","tensor([0.2756, 0.3805, 0.3439], device='cuda:0')"
57,0.02462735287554097,0.845940113067627,0.874288022518158,0.9140048027038574,0.05351933781057597,0.6407940983772278,0.6411895751953125,0.7651857137680054,0.7051689624786377,0.713894248008728,0.8396997451782227,0.0,0.01447650754946249,0.002235432464658517,0.021026773378252983,0.04223278388963079,"tensor([0.9271, 0.0181, 0.0284, 0.0264], device='cuda:0')","tensor([0.2378, 0.4003, 0.3619], device='cuda:0')",0.0006888700672425329,0.005337642305530608,0.02164732925593853,"tensor([0.9696, 0.0086, 0.0113, 0.0106], device='cuda:0')","tensor([0.2726, 0.3850, 0.3424], device='cuda:0')"
58,0.020670382320531637,0.8821889162063599,0.8969532251358032,0.9275050759315491,0.0514641360193491,0.6390907764434814,0.6547570824623108,0.7876261472702026,0.6986317038536072,0.7312477231025696,0.852864146232605,0.0,0.013953652893838122,0.002346889019008814,0.023206243218737654,0.039490903945989045,"tensor([0.9262, 0.0183, 0.0287, 0.0269], device='cuda:0')","tensor([0.2378, 0.3989, 0.3634], device='cuda:0')",0.000578667251393199,0.004536615293473005,0.019069848619401458,"tensor([0.9689, 0.0090, 0.0114, 0.0108], device='cuda:0')","tensor([0.2774, 0.3806, 0.3420], device='cuda:0')"
59,0.020294574855142838,0.8887965679168701,0.8969161510467529,0.9272448420524597,0.053525726087391375,0.6202719211578369,0.6490395069122314,0.7903680801391602,0.679366946220398,0.722431480884552,0.8555485606193542,0.0,0.013432073050985201,0.002686483335082812,0.023486297861381875,0.037818974531546715,"tensor([0.9285, 0.0174, 0.0280, 0.0262], device='cuda:0')","tensor([0.2339, 0.4019, 0.3642], device='cuda:0')",0.0009807992842979728,0.012119041681289675,0.01938427846878767,"tensor([0.9699, 0.0077, 0.0114, 0.0110], device='cuda:0')","tensor([0.2460, 0.3929, 0.3611], device='cuda:0')"
60,0.020397323769429918,0.8851134181022644,0.8969360589981079,0.9252351522445679,0.050992181822657585,0.6289454102516174,0.6570189595222473,0.7971091270446777,0.6943932175636292,0.7319511771202087,0.8616526126861572,0.0,0.01291240348559902,0.002430077164603974,0.024062933365712524,0.03788621343846897,"tensor([0.9273, 0.0176, 0.0284, 0.0267], device='cuda:0')","tensor([0.2345, 0.3992, 0.3663], device='cuda:0')",0.000697419496718794,0.008703266512602567,0.01875807393342256,"tensor([0.9690, 0.0085, 0.0113, 0.0113], device='cuda:0')","tensor([0.2604, 0.3770, 0.3626], device='cuda:0')"
61,0.02029274864798937,0.8794122934341431,0.8965017199516296,0.9287500381469727,0.0497297278046608,0.6301067471504211,0.666991114616394,0.7822641730308533,0.6975365281105042,0.7378684878349304,0.8605091571807861,0.0,0.012395277334996046,0.0023224334902351984,0.023677157194470045,0.03784981739590877,"tensor([0.9265, 0.0181, 0.0285, 0.0269], device='cuda:0')","tensor([0.2357, 0.3996, 0.3647], device='cuda:0')",0.0004922001622617244,0.007587489485740662,0.01899390522390604,"tensor([0.9676, 0.0085, 0.0124, 0.0115], device='cuda:0')","tensor([0.2509, 0.3974, 0.3517], device='cuda:0')"
62,0.020195822646201116,0.8878234624862671,0.898533821105957,0.9294336438179016,0.05556508902460336,0.5983558297157288,0.6562007665634155,0.7873217463493347,0.6507333517074585,0.7271987795829773,0.8545111417770386,0.0,0.011881324637733613,0.0022781029404086474,0.022065906909119814,0.037534514172875816,"tensor([0.9269, 0.0179, 0.0285, 0.0268], device='cuda:0')","tensor([0.2352, 0.3996, 0.3653], device='cuda:0')",0.001093588611111045,0.02100305166095495,0.018772924467921257,"tensor([0.9691, 0.0075, 0.0122, 0.0112], device='cuda:0')","tensor([0.2289, 0.4117, 0.3594], device='cuda:0')"
63,0.021254949873764417,0.8765967488288879,0.8919749855995178,0.9252094626426697,0.045862297751009466,0.6508574485778809,0.6775240898132324,0.7950252890586853,0.734952986240387,0.7458524703979492,0.8604872226715088,0.0,0.011371171566004984,0.002392076757814717,0.02443597123783547,0.03865582643629749,"tensor([0.9264, 0.0182, 0.0285, 0.0269], device='cuda:0')","tensor([0.2384, 0.3976, 0.3640], device='cuda:0')",0.00033338593901135024,0.004249387606978417,0.019630069062113762,"tensor([0.9659, 0.0097, 0.0124, 0.0121], device='cuda:0')","tensor([0.2793, 0.3732, 0.3475], device='cuda:0')"
64,0.02099199782969663,0.8778229355812073,0.8916637897491455,0.9238864779472351,0.06145328871905804,0.49510660767555237,0.6148530840873718,0.7644922137260437,0.625696063041687,0.6764149069786072,0.8300710916519165,0.0,0.010865439662745014,0.0025244198582186077,0.024499944282069936,0.03848482939429233,"tensor([0.9267, 0.0182, 0.0285, 0.0266], device='cuda:0')","tensor([0.2380, 0.4003, 0.3617], device='cuda:0')",0.0020379366260021925,0.04743631958961487,0.03251751154661179,"tensor([0.9604, 0.0178, 0.0099, 0.0119], device='cuda:0')","tensor([0.4569, 0.2532, 0.2899], device='cuda:0')"
65,0.022896108999702854,0.8611845374107361,0.8798487186431885,0.9194625020027161,0.047772918529808535,0.6473590731620789,0.6602174043655396,0.7708680629730225,0.7337756156921387,0.7368224263191223,0.8386306762695312,0.0,0.010364745084375791,0.0024588349690475297,0.020635735971154624,0.04055888788570883,"tensor([0.9277, 0.0182, 0.0279, 0.0262], device='cuda:0')","tensor([0.2412, 0.3971, 0.3616], device='cuda:0')",0.00044113809941336517,0.004312558579258623,0.01956651471555233,"tensor([0.9675, 0.0098, 0.0120, 0.0107], device='cuda:0')","tensor([0.2961, 0.3816, 0.3224], device='cuda:0')"
66,0.019918001324185745,0.8913954496383667,0.8998996019363403,0.9298267960548401,0.050154281407594675,0.6290870904922485,0.6706823706626892,0.7625889778137207,0.7026585340499878,0.7441241145133972,0.8385762572288513,0.0,0.009869697850114972,0.0026055423550133106,0.02095669816844747,0.03771009318734285,"tensor([0.9295, 0.0177, 0.0274, 0.0254], device='cuda:0')","tensor([0.2419, 0.3993, 0.3588], device='cuda:0')",0.0008121723891235888,0.015031732395291323,0.01926765076816082,"tensor([0.9684, 0.0082, 0.0130, 0.0103], device='cuda:0')","tensor([0.2514, 0.4295, 0.3191], device='cuda:0')"
67,0.019746823565583323,0.890234112739563,0.9013352990150452,0.9305962324142456,0.048584780022501946,0.6389558911323547,0.6642261743545532,0.7798689603805542,0.7212560176849365,0.737031102180481,0.8489129543304443,0.0,0.009380901098761319,0.0022696913396202923,0.020861705343122587,0.037450894542416784,"tensor([0.9274, 0.0183, 0.0281, 0.0261], device='cuda:0')","tensor([0.2407, 0.3993, 0.3600], device='cuda:0')",0.0004602231387980282,0.003723058216273786,0.01957835134118795,"tensor([0.9681, 0.0093, 0.0116, 0.0110], device='cuda:0')","tensor([0.2848, 0.3764, 0.3388], device='cuda:0')"
68,0.019885192972651542,0.8879823088645935,0.9013531804084778,0.9303577542304993,0.05000563979148865,0.6399341821670532,0.6542190909385681,0.7791567444801331,0.7128705978393555,0.7290341258049011,0.8486042618751526,0.0,0.008898950353863,0.00242118042228867,0.02108110072003909,0.0374759622573037,"tensor([0.9282, 0.0177, 0.0279, 0.0262], device='cuda:0')","tensor([0.2384, 0.3981, 0.3635], device='cuda:0')",0.0005775386770255864,0.006760000297799707,0.019277359135448927,"tensor([0.9682, 0.0090, 0.0112, 0.0116], device='cuda:0')","tensor([0.2749, 0.3638, 0.3613], device='cuda:0')"
69,0.019554466813133352,0.8925777673721313,0.9024036526679993,0.9309902191162109,0.05611667849123478,0.6309136152267456,0.6250134110450745,0.764383852481842,0.7095457315444946,0.70379638671875,0.8366050720214844,0.0,0.008424432798163838,0.0025900892057961755,0.020118922438996375,0.037053315427328905,"tensor([0.9281, 0.0178, 0.0279, 0.0262], device='cuda:0')","tensor([0.2397, 0.3972, 0.3630], device='cuda:0')",0.0008227593917399645,0.004157321227248757,0.019391638822853566,"tensor([0.9707, 0.0083, 0.0104, 0.0106], device='cuda:0')","tensor([0.2797, 0.3686, 0.3517], device='cuda:0')"
70,0.019617209760326652,0.8838684558868408,0.9028864502906799,0.9323644042015076,0.051387087479233734,0.6143710017204285,0.6679160594940186,0.7910619378089905,0.68046635389328,0.7382530570030212,0.8569210767745972,0.0,0.007957926558211642,0.0027443590006441805,0.024866568928700872,0.03826714297247237,"tensor([0.9271, 0.0178, 0.0284, 0.0266], device='cuda:0')","tensor([0.2344, 0.4012, 0.3644], device='cuda:0')",0.0008587064780294895,0.014274385590106246,0.018029473535716534,"tensor([0.9686, 0.0081, 0.0121, 0.0112], device='cuda:0')","tensor([0.2470, 0.4045, 0.3485], device='cuda:0')"
71,0.019525092755429792,0.8902060389518738,0.9026455283164978,0.9312746524810791,0.05003191631287337,0.646172285079956,0.6613619923591614,0.779545247554779,0.7225286960601807,0.7388108372688293,0.851757287979126,0.0,0.007500000000000004,0.0031604753899046037,0.025194969501171716,0.03773715714851277,"tensor([0.9275, 0.0176, 0.0283, 0.0266], device='cuda:0')","tensor([0.2341, 0.4009, 0.3650], device='cuda:0')",0.0006055439007468522,0.008096136525273323,0.018262747228145592,"tensor([0.9684, 0.0087, 0.0123, 0.0106], device='cuda:0')","tensor([0.2671, 0.4039, 0.3290], device='cuda:0')"
72,0.019212658104152062,0.8948850035667419,0.9044277667999268,0.9318379163742065,0.050711283981800075,0.6279624700546265,0.6575525999069214,0.7874248623847961,0.6943304538726807,0.7293428778648376,0.8558188676834106,0.0,0.007051211036501929,0.002733879681727554,0.025465337406785703,0.037830997058335925,"tensor([0.9262, 0.0184, 0.0287, 0.0267], device='cuda:0')","tensor([0.2410, 0.4001, 0.3588], device='cuda:0')",0.000880954642780125,0.013572136890143156,0.018669306375086302,"tensor([0.9686, 0.0081, 0.0115, 0.0118], device='cuda:0')","tensor([0.2477, 0.3816, 0.3707], device='cuda:0')"
73,0.01927088748016103,0.8988407850265503,0.904995322227478,0.9336686730384827,0.053227493539452546,0.6204469799995422,0.6707702279090881,0.7836108207702637,0.6844627857208252,0.7410141825675964,0.8478533029556274,0.0,0.0066121064479388,0.003061738916130711,0.026022008059953815,0.03680744627854433,"tensor([0.9285, 0.0174, 0.0279, 0.0262], device='cuda:0')","tensor([0.2333, 0.4011, 0.3656], device='cuda:0')",0.0008753640321083366,0.016159487590193748,0.017491403706371783,"tensor([0.9687, 0.0079, 0.0126, 0.0108], device='cuda:0')","tensor([0.2418, 0.4197, 0.3386], device='cuda:0')"
74,0.019023460774405972,0.8976615071296692,0.9050099849700928,0.9343510866165161,0.052020501978695385,0.6328807473182678,0.6639067530632019,0.7897377610206604,0.6927733421325684,0.7320381999015808,0.8542736768722534,0.0,0.006183221215612905,0.002387546044701594,0.024335036372576734,0.037172373988141744,"tensor([0.9270, 0.0177, 0.0284, 0.0270], device='cuda:0')","tensor([0.2323, 0.3998, 0.3679], device='cuda:0')",0.0007825919054448605,0.011806441582739352,0.01883117344230413,"tensor([0.9688, 0.0083, 0.0116, 0.0113], device='cuda:0')","tensor([0.2547, 0.3894, 0.3559], device='cuda:0')"
75,0.019164339330927767,0.8906002044677734,0.9048871397972107,0.9341170787811279,0.04882473722100257,0.6349263191223145,0.6643537878990173,0.780525267124176,0.7181731462478638,0.7392910718917847,0.8534622192382812,0.0,0.005765077870115126,0.0024801758054309167,0.025361421713569164,0.03753068960941168,"tensor([0.9265, 0.0177, 0.0287, 0.0272], device='cuda:0')","tensor([0.2320, 0.4002, 0.3678], device='cuda:0')",0.0004964807361830027,0.007100915685296059,0.019143323861062527,"tensor([0.9671, 0.0090, 0.0122, 0.0117], device='cuda:0')","tensor([0.2664, 0.3863, 0.3474], device='cuda:0')"
76,0.019066906459556783,0.8967498540878296,0.9049947261810303,0.9332771301269531,0.04852091882377864,0.6314644813537598,0.6813176274299622,0.7780337333679199,0.7248969674110413,0.7462730407714844,0.8455854058265686,0.0,0.00535818585470191,0.002613446067243786,0.022416485237044977,0.03670222648361233,"tensor([0.9276, 0.0180, 0.0281, 0.0263], device='cuda:0')","tensor([0.2390, 0.3979, 0.3631], device='cuda:0')",0.0005954367481172083,0.015015165060758591,0.01867694571614265,"tensor([0.9653, 0.0091, 0.0147, 0.0108], device='cuda:0')","tensor([0.2595, 0.4388, 0.3017], device='cuda:0')"
77,0.01894349842223162,0.8975591659545898,0.90663743019104,0.9357461333274841,0.048327532336115836,0.6247523427009583,0.6625015735626221,0.786344587802887,0.7185661196708679,0.7356728911399841,0.8549830913543701,0.0,0.004963040904617127,0.002072813947279427,0.02229272449767449,0.036981205226766206,"tensor([0.9265, 0.0180, 0.0285, 0.0270], device='cuda:0')","tensor([0.2338, 0.3996, 0.3666], device='cuda:0')",0.0005469958228059113,0.008310225950554015,0.01938307639211416,"tensor([0.9669, 0.0091, 0.0119, 0.0121], device='cuda:0')","tensor([0.2704, 0.3717, 0.3580], device='cuda:0')"
78,0.01882995237247088,0.9012172818183899,0.9060637950897217,0.9349324703216553,0.04891018811613321,0.6282707452774048,0.671627402305603,0.7838070392608643,0.7234044671058655,0.7381662726402283,0.8505039811134338,0.0,0.004580124443115045,0.0022032534839127047,0.020937925088219345,0.036899590537359486,"tensor([0.9267, 0.0181, 0.0285, 0.0268], device='cuda:0')","tensor([0.2376, 0.3996, 0.3628], device='cuda:0')",0.00044170686800498515,0.006306887837126851,0.01888101767748594,"tensor([0.9670, 0.0093, 0.0124, 0.0114], device='cuda:0')","tensor([0.2739, 0.3884, 0.3378], device='cuda:0')"
79,0.01870388464703863,0.8965818285942078,0.907565712928772,0.9357366561889648,0.048333128765225414,0.6452970504760742,0.6640674471855164,0.7880260944366455,0.7285984754562378,0.7350912094116211,0.8587744235992432,0.0,0.004209902994920233,0.002400923139248336,0.023489367755246356,0.03730741883191511,"tensor([0.9269, 0.0179, 0.0282, 0.0270], device='cuda:0')","tensor([0.2347, 0.3967, 0.3686], device='cuda:0')",0.0005360870994627475,0.006883986056782306,0.019337652027606962,"tensor([0.9674, 0.0092, 0.0115, 0.0119], device='cuda:0')","tensor([0.2769, 0.3678, 0.3553], device='cuda:0')"
80,0.01864377439778763,0.8983685970306396,0.9069560766220093,0.9365406632423401,0.04882278233766555,0.6392566561698914,0.6681032180786133,0.7814821600914001,0.7308533191680908,0.7415075302124023,0.8540867567062378,0.0,0.00385282761783909,0.0026359322571352056,0.024972737206553578,0.036518469190923504,"tensor([0.9274, 0.0176, 0.0283, 0.0267], device='cuda:0')","tensor([0.2349, 0.3998, 0.3653], device='cuda:0')",0.0004766070842742919,0.008265947280451656,0.019157366119325163,"tensor([0.9670, 0.0090, 0.0129, 0.0111], device='cuda:0')","tensor([0.2675, 0.4062, 0.3263], device='cuda:0')"
81,0.0186631768319785,0.8990010023117065,0.907638669013977,0.9367440938949585,0.050120016299188136,0.617607057094574,0.6788251996040344,0.7848182916641235,0.7043209075927734,0.7442498803138733,0.8556731343269348,0.0,0.003509333353215332,0.0024337450020084374,0.0228403553483076,0.03647756144346202,"tensor([0.9272, 0.0179, 0.0282, 0.0267], device='cuda:0')","tensor([0.2368, 0.3980, 0.3652], device='cuda:0')",0.0007879947463516145,0.017739917971193796,0.01849877305328846,"tensor([0.9670, 0.0082, 0.0134, 0.0114], device='cuda:0')","tensor([0.2401, 0.4226, 0.3373], device='cuda:0')"
82,0.018579102988951494,0.8986189961433411,0.9069516658782959,0.9364765882492065,0.05361723698675632,0.6167654395103455,0.6653339266777039,0.7894622087478638,0.6862714290618896,0.7386646270751953,0.8567835092544556,0.0,0.0031798386958991716,0.002682420196379098,0.025048674506251697,0.03647571570763832,"tensor([0.9277, 0.0176, 0.0282, 0.0265], device='cuda:0')","tensor([0.2333, 0.4024, 0.3643], device='cuda:0')",0.0008723001787438988,0.013758495189249518,0.017670059613883494,"tensor([0.9691, 0.0079, 0.0117, 0.0113], device='cuda:0')","tensor([0.2449, 0.3970, 0.3581], device='cuda:0')"
83,0.018491090853785835,0.901151716709137,0.9076473116874695,0.9364640712738037,0.05258898183703424,0.6264815926551819,0.6589527726173401,0.7869654297828674,0.7082209587097168,0.7326850891113281,0.8576496839523315,0.0,0.00286474508437579,0.0028296047123603767,0.029388241528067738,0.03644799027460978,"tensor([0.9271, 0.0174, 0.0284, 0.0271], device='cuda:0')","tensor([0.2276, 0.4002, 0.3722], device='cuda:0')",0.0007493818318471311,0.01083850845694542,0.018078377731144433,"tensor([0.9686, 0.0084, 0.0115, 0.0115], device='cuda:0')","tensor([0.2572, 0.3820, 0.3608], device='cuda:0')"
84,0.018387905553026943,0.9021337628364563,0.9091408848762512,0.9364821314811707,0.05012673571705818,0.6303727626800537,0.664332389831543,0.7874603867530823,0.7144558429718018,0.7349618077278137,0.856928288936615,0.0,0.002564436411674376,0.003135615384053383,0.028497025934484537,0.03614589624703517,"tensor([0.9278, 0.0174, 0.0282, 0.0266], device='cuda:0')","tensor([0.2327, 0.4006, 0.3667], device='cuda:0')",0.0005791602097451687,0.008016670905053617,0.018698584362864496,"tensor([0.9676, 0.0089, 0.0117, 0.0119], device='cuda:0')","tensor([0.2658, 0.3761, 0.3581], device='cuda:0')"
85,0.0184407836313767,0.9029532074928284,0.9088096618652344,0.9381994009017944,0.05568533275276421,0.5984871983528137,0.6644841432571411,0.7843533754348755,0.6806714534759521,0.7355518341064453,0.8528439998626709,0.0,0.002279278557653611,0.0023874175426499278,0.021425610997539497,0.03595522668911145,"tensor([0.9275, 0.0179, 0.0281, 0.0265], device='cuda:0')","tensor([0.2386, 0.3976, 0.3638], device='cuda:0')",0.0009463764890097082,0.015458527579903599,0.01769581150263548,"tensor([0.9694, 0.0077, 0.0119, 0.0110], device='cuda:0')","tensor([0.2404, 0.4066, 0.3530], device='cuda:0')"
86,0.018393975746221286,0.9042096734046936,0.9082760214805603,0.9373531341552734,0.05389480382204056,0.6036900281906128,0.6625999212265015,0.7848195433616638,0.6873828768730164,0.7336857318878174,0.8539456725120544,0.0,0.0020096189432334197,0.0025558457623446884,0.023659427155507735,0.035686786475707784,"tensor([0.9281, 0.0175, 0.0280, 0.0264], device='cuda:0')","tensor([0.2333, 0.4000, 0.3668], device='cuda:0')",0.0009668626543134452,0.015061262790113687,0.017986134849488744,"tensor([0.9693, 0.0078, 0.0114, 0.0114], device='cuda:0')","tensor([0.2443, 0.3885, 0.3671], device='cuda:0')"
87,0.01847077846741742,0.8994190692901611,0.9085493683815002,0.9375758171081543,0.050278273820877066,0.6362496018409729,0.6550543904304504,0.7884838581085205,0.7312262058258057,0.728767454624176,0.8554344773292542,0.0,0.0017557861071160986,0.0024812765184378796,0.022705858893459677,0.0362831979073235,"tensor([0.9276, 0.0177, 0.0281, 0.0266], device='cuda:0')","tensor([0.2337, 0.3997, 0.3666], device='cuda:0')",0.0004930591932497918,0.00475026685744524,0.018679262697696687,"tensor([0.9681, 0.0091, 0.0114, 0.0114], device='cuda:0')","tensor([0.2797, 0.3718, 0.3485], device='cuda:0')"
88,0.018303861244021405,0.9051608443260193,0.909543514251709,0.937188982963562,0.04990118291229009,0.6282848119735718,0.6737987995147705,0.7820809483528137,0.7202987670898438,0.7422780990600586,0.852630078792572,0.0,0.0015180893055124945,0.0025239737008178067,0.023461489603505456,0.036015292098454686,"tensor([0.9277, 0.0174, 0.0281, 0.0268], device='cuda:0')","tensor([0.2306, 0.3993, 0.3701], device='cuda:0')",0.0006041577446740119,0.011281005665659906,0.01844242911785841,"tensor([0.9674, 0.0084, 0.0129, 0.0112], device='cuda:0')","tensor([0.2529, 0.4137, 0.3334], device='cuda:0')"
89,0.01820039622543844,0.9035208225250244,0.9101019501686096,0.9385980367660522,0.05136285897344351,0.6229391694068909,0.6696100234985352,0.7876211404800415,0.7107912302017212,0.7422216534614563,0.8564063310623169,0.0,0.0012968181353609888,0.0022452501473253506,0.02009332242960227,0.035840270149492426,"tensor([0.9277, 0.0176, 0.0282, 0.0265], device='cuda:0')","tensor([0.2348, 0.3999, 0.3652], device='cuda:0')",0.0006537804537219928,0.010858887340873482,0.017939558438956733,"tensor([0.9680, 0.0084, 0.0123, 0.0113], device='cuda:0')","tensor([0.2548, 0.4001, 0.3451], device='cuda:0')"
90,0.018188636338891246,0.9031838178634644,0.9094443917274475,0.9370416402816772,0.050191953293979165,0.6351650357246399,0.6661955714225769,0.7837117314338684,0.7232245206832886,0.7364180088043213,0.8546305894851685,0.0,0.0010922421814981904,0.002282814475393024,0.020569509826600548,0.03659777811117236,"tensor([0.9267, 0.0180, 0.0284, 0.0270], device='cuda:0')","tensor([0.2377, 0.3973, 0.3650], device='cuda:0')",0.0005251230916474014,0.0074132452718913555,0.018638406135141852,"tensor([0.9675, 0.0089, 0.0121, 0.0114], device='cuda:0')","tensor([0.2678, 0.3884, 0.3439], device='cuda:0')"
91,0.018126403760106765,0.9058827757835388,0.9097643494606018,0.938418984413147,0.05265703182667494,0.6234045028686523,0.6539045572280884,0.7798848748207092,0.7199630737304688,0.7292551398277283,0.8520193099975586,0.0,0.0009046106882113753,0.0028108220540161736,0.024234145610535048,0.03574034839766682,"tensor([0.9280, 0.0175, 0.0280, 0.0266], device='cuda:0')","tensor([0.2349, 0.3970, 0.3681], device='cuda:0')",0.0006291754171252251,0.007523668529465791,0.017989474534988406,"tensor([0.9686, 0.0087, 0.0116, 0.0111], device='cuda:0')","tensor([0.2706, 0.3835, 0.3459], device='cuda:0')"
92,0.018131849576093366,0.906518816947937,0.9102982878684998,0.9399775266647339,0.050568503700196735,0.6256044507026672,0.6634089946746826,0.7814928293228149,0.7233151197433472,0.7381418347358704,0.8548592329025269,0.0,0.0007341522555726971,0.002709940036197622,0.023875090508226997,0.0358074698742712,"tensor([0.9281, 0.0174, 0.0280, 0.0265], device='cuda:0')","tensor([0.2334, 0.3996, 0.3670], device='cuda:0')",0.0005457402160391213,0.006846023378893731,0.018106237538158893,"tensor([0.9680, 0.0088, 0.0119, 0.0113], device='cuda:0')","tensor([0.2697, 0.3857, 0.3445], device='cuda:0')"
93,0.01799896437842107,0.9043431878089905,0.9111698865890503,0.9395318031311035,0.05169068735092879,0.6188973784446716,0.6641484498977661,0.7832046151161194,0.7103545069694519,0.735942006111145,0.8545866012573242,0.0,0.00058107456092522,0.0023973182442205143,0.02138044864841504,0.035763849264185445,"tensor([0.9277, 0.0175, 0.0281, 0.0267], device='cuda:0')","tensor([0.2336, 0.3986, 0.3678], device='cuda:0')",0.000697589381597936,0.010924106333404779,0.01842669330537319,"tensor([0.9682, 0.0084, 0.0120, 0.0115], device='cuda:0')","tensor([0.2562, 0.3927, 0.3511], device='cuda:0')"
94,0.018115944005330696,0.9073111414909363,0.9105618000030518,0.9395602941513062,0.050374715179204936,0.6260592937469482,0.671752393245697,0.784394383430481,0.7185400724411011,0.7412047982215881,0.8553359508514404,0.0,0.00044556410586005295,0.0023910842206760216,0.022158286948695153,0.03606687278806932,"tensor([0.9271, 0.0176, 0.0283, 0.0270], device='cuda:0')","tensor([0.2323, 0.3986, 0.3691], device='cuda:0')",0.0006000309222145006,0.009697721246629952,0.018270834200084213,"tensor([0.9677, 0.0086, 0.0124, 0.0114], device='cuda:0')","tensor([0.2584, 0.3993, 0.3423], device='cuda:0')"
95,0.01806308459890714,0.904503345489502,0.9113507866859436,0.9394986629486084,0.051463407240808,0.6222890019416809,0.6632338166236877,0.7862935662269592,0.7127633690834045,0.7367652058601379,0.857965350151062,0.0,0.00032778598899291467,0.0023821459249120363,0.022576460976324594,0.03592448182826053,"tensor([0.9270, 0.0180, 0.0284, 0.0267], device='cuda:0')","tensor([0.2362, 0.3976, 0.3663], device='cuda:0')",0.000692384388530627,0.010249162837862967,0.017976933196187022,"tensor([0.9683, 0.0084, 0.0118, 0.0115], device='cuda:0')","tensor([0.2579, 0.3889, 0.3532], device='cuda:0')"
96,0.018005794237978996,0.9038723707199097,0.9102514982223511,0.9398163557052612,0.05201230242848396,0.6153061389923096,0.6628013849258423,0.7832024693489075,0.7092425227165222,0.7367168068885803,0.8555989861488342,0.0,0.0002278837048168797,0.0028595353783202907,0.026683077982852424,0.036145615282293854,"tensor([0.9270, 0.0177, 0.0283, 0.0271], device='cuda:0')","tensor([0.2322, 0.3984, 0.3694], device='cuda:0')",0.0007212177268229425,0.010821806732565163,0.01804874047636986,"tensor([0.9686, 0.0083, 0.0119, 0.0112], device='cuda:0')","tensor([0.2560, 0.3955, 0.3485], device='cuda:0')"
97,0.017935024852704363,0.9074501991271973,0.9117074012756348,0.9401346445083618,0.05060363732278346,0.6293913125991821,0.6653432250022888,0.7844745516777039,0.7205604910850525,0.7375690340995789,0.8569000959396362,0.0,0.00014597896887644625,0.002621912718950626,0.02438718849589351,0.035746375251619604,"tensor([0.9281, 0.0174, 0.0280, 0.0265], device='cuda:0')","tensor([0.2314, 0.3989, 0.3697], device='cuda:0')",0.0005981608491856606,0.008372234757989644,0.018302322886884208,"tensor([0.9680, 0.0087, 0.0119, 0.0114], device='cuda:0')","tensor([0.2646, 0.3879, 0.3475], device='cuda:0')"
98,0.018021877263890918,0.907465934753418,0.9114830493927002,0.9396214485168457,0.050106626190245154,0.6339846253395081,0.6683968305587769,0.7863176465034485,0.7233425974845886,0.7371022701263428,0.8567461967468262,0.0,8.217156947590066e-05,0.0025166774527178833,0.023771043823217052,0.03604879233898835,"tensor([0.9267, 0.0179, 0.0284, 0.0270], device='cuda:0')","tensor([0.2349, 0.3980, 0.3671], device='cuda:0')",0.0005184680921956897,0.0072568544372916205,0.018536078520119192,"tensor([0.9675, 0.0089, 0.0120, 0.0115], device='cuda:0')","tensor([0.2688, 0.3852, 0.3460], device='cuda:0')"
99,0.01797472532416578,0.9050034284591675,0.9098125100135803,0.9387369155883789,0.05081257626414299,0.6228575706481934,0.6653553247451782,0.785169780254364,0.7174971699714661,0.7375946640968323,0.8571349382400513,0.0,3.653924610263704e-05,0.002706511138512722,0.023761804062814914,0.035822508187266025,"tensor([0.9280, 0.0176, 0.0279, 0.0264], device='cuda:0')","tensor([0.2340, 0.3985, 0.3675], device='cuda:0')",0.0006021688180044294,0.008633614145219327,0.018281259499490266,"tensor([0.9680, 0.0087, 0.0120, 0.0114], device='cuda:0')","tensor([0.2636, 0.3887, 0.3477], device='cuda:0')"
